epoch,loss,val_loss
0,0.18234990537166595,0.05434134230017662
1,0.04312438517808914,0.03798217326402664
