epoch,loss,val_loss
0,0.1643063873052597,0.1526380479335785
1,0.1525665521621704,0.15149909257888794
