epoch,loss,val_loss
0,0.04183189570903778,0.026979776099324226
1,0.026555275544524193,0.02493169531226158
