epoch,loss,val_loss
0,0.1800210028886795,0.16508431732654572
1,0.1644730120897293,0.16465060412883759
