epoch,loss,val_loss
0,0.18464994430541992,0.1689538061618805
1,0.16815908253192902,0.16796524822711945
