epoch,loss,val_loss
0,0.21723513305187225,0.1648222953081131
1,0.1647140085697174,0.16173304617404938
