epoch,loss,val_loss
0,0.06057494506239891,0.022430552169680595
1,0.02284306287765503,0.02106253243982792
