epoch,loss,val_loss
0,0.0493578165769577,0.027791323140263557
1,0.028067314997315407,0.027000876143574715
