epoch,loss,val_loss
0,0.02556636743247509,0.019244778901338577
