epoch,loss,val_loss
0,0.02556636743247509,0.019244778901338577
1,0.01893962360918522,0.01841658353805542
2,0.018070878461003304,0.0176671352237463
